{
  "camera_matrix": [
    [
      1256.13623046875,
      0.0,
      955.8938598632812
    ],
    [
      0.0,
      1256.1561279296875,
      542.18994140625
    ],
    [
      0.0,
      0.0,
      1.0
    ]
  ],
  "dist_coeffs": [
    0.11422603577375412,
    -0.32854774594306946,
    -0.00028485868824645877,
    -0.00017464916163589805,
    0.2558501362800598
  ],
  "chessboard_size": [
    11,
    8
  ],
  "square_size": 30.0,
  "hand_eye_transform": [
    [
      -0.9999417626,
      -0.0102356558,
      0.0034209227,
      16.414649035116977
    ],
    [
      0.0102357157,
      -0.9999476137,
      -0.0,
      -79.29709552832382
    ],
    [
      0.0034207435,
      3.50156e-05,
      0.9999941486,
      -46.49829926861672
    ],
    [
      0.0,
      0.0,
      0.0,
      1.0
    ]
  ],
  "timestamp": "20251022_224524",
  "A_0_pose": {
    "x": 696.6216997515698,
    "y": -42.089032843607,
    "z": 375.89161198326894,
    "o_x": -0.8036426837703283,
    "o_y": 0.03264348604224143,
    "o_z": -0.5942161556550227,
    "theta": 84.71444128689583
  },
  "T_B_0_camera_frame": [
    [
      -0.9970841912648689,
      0.07459482720345126,
      0.01608500183927766,
      189.89858643331868
    ],
    [
      -0.07003745913266707,
      -0.810885783615842,
      -0.5809982790404478,
      169.49229758720517
    ],
    [
      -0.03029636690961982,
      -0.5804307518422929,
      0.8137458279265517,
      875.6442896164622
    ],
    [
      0.0,
      0.0,
      0.0,
      1.0
    ]
  ]
}