{
  "camera_matrix": [
    [
      1256.13623046875,
      0.0,
      955.8938598632812
    ],
    [
      0.0,
      1256.1561279296875,
      542.18994140625
    ],
    [
      0.0,
      0.0,
      1.0
    ]
  ],
  "dist_coeffs": [
    0.11422603577375412,
    -0.32854774594306946,
    -0.00028485868824645877,
    -0.00017464916163589805,
    0.2558501362800598
  ],
  "chessboard_size": [
    11,
    8
  ],
  "square_size": 30.0,
  "hand_eye_transform": [
    [
      -1.0,
      -1.2246467991473532e-16,
      0.0,
      20.2
    ],
    [
      1.2246467991473532e-16,
      -1.0,
      0.0,
      -100.0
    ],
    [
      0.0,
      0.0,
      1.0,
      48.7
    ],
    [
      0.0,
      0.0,
      0.0,
      1.0
    ]
  ],
  "timestamp": "20251029_225025",
  "A_0_pose_raw": {
    "x": 501.2732240796871,
    "y": 33.93014611082313,
    "z": -174.64066626582638,
    "o_x": -0.9999736307597178,
    "o_y": -0.007010833375467762,
    "o_z": -0.0018936738390665786,
    "theta": 90.18655107374829
  },
  "A_0_pose_inverted": {
    "x": 501.2732240796871,
    "y": 33.93014611082313,
    "z": -174.64066626582638,
    "o_x": 0.0032559189,
    "o_y": 0.9999929065,
    "o_z": -0.0018936739,
    "theta": -0.4016951751
  },
  "T_B_0_camera_frame": [
    [
      -0.9999656678392874,
      0.007185325813302058,
      0.004127255224058603,
      157.6447189646363
    ],
    [
      -0.007126490435471598,
      -0.9998752305469346,
      0.014097392410922572,
      103.2322455021017
    ],
    [
      0.004228034626272087,
      0.01406749557210169,
      0.9998921088255113,
      354.58784916478515
    ],
    [
      0.0,
      0.0,
      0.0,
      1.0
    ]
  ],
  "reference_camera_temperature": {
    "chip_bottom_temp_c": 0.0,
    "cpu_temp_c": 0.0,
    "chip_top_temp_c": 0.0,
    "main_board_temp_c": 36.79999923706055,
    "rgb_temp_c": 42.599998474121094,
    "ir_right_temp_c": 0.0,
    "ir_left_temp_c": 0.0
  },
  "note": "Arm poses have rotation inverted (translation unchanged) before processing"
}