{
  "camera_matrix": [
    [
      1256.13623046875,
      0.0,
      955.8938598632812
    ],
    [
      0.0,
      1256.1561279296875,
      542.18994140625
    ],
    [
      0.0,
      0.0,
      1.0
    ]
  ],
  "dist_coeffs": [
    0.11422603577375412,
    -0.32854774594306946,
    -0.00028485868824645877,
    -0.00017464916163589805,
    0.2558501362800598
  ],
  "chessboard_size": [
    11,
    8
  ],
  "square_size": 30.0,
  "hand_eye_transform": null,
  "timestamp": "20251022_231527",
  "A_0_pose": {
    "x": 696.6078177339904,
    "y": -42.0925388863792,
    "z": 375.91048127769,
    "o_x": -0.8036497426526485,
    "o_y": 0.03259669887914701,
    "o_z": -0.5942091772738911,
    "theta": 84.71811301903922
  },
  "T_B_0_camera_frame": [
    [
      -0.9970770553928185,
      0.0747438857197059,
      0.015833418983464482,
      189.8673709196619
    ],
    [
      -0.070027863820275,
      -0.8111748443804139,
      -0.5805957889385526,
      169.69011182880647
    ],
    [
      -0.030552314117843978,
      -0.5800075201167058,
      0.8140379798941284,
      875.6780321933267
    ],
    [
      0.0,
      0.0,
      0.0,
      1.0
    ]
  ]
}