{
  "camera_matrix": [
    [
      1256.13623046875,
      0.0,
      955.8938598632812
    ],
    [
      0.0,
      1256.1561279296875,
      542.18994140625
    ],
    [
      0.0,
      0.0,
      1.0
    ]
  ],
  "dist_coeffs": [
    0.11422603577375412,
    -0.32854774594306946,
    -0.00028485868824645877,
    -0.00017464916163589805,
    0.2558501362800598
  ],
  "chessboard_size": [
    11,
    8
  ],
  "square_size": 30.0,
  "hand_eye_transform": [
    [
      -0.9999417626,
      -0.0102356558,
      0.0034209227,
      16.414649035116977
    ],
    [
      0.0102357157,
      -0.9999476137,
      -0.0,
      -79.29709552832382
    ],
    [
      0.0034207435,
      3.50156e-05,
      0.9999941486,
      -46.49829926861672
    ],
    [
      0.0,
      0.0,
      0.0,
      1.0
    ]
  ],
  "timestamp": "20251022_224831",
  "A_0_pose": {
    "x": 696.606865554056,
    "y": -42.09800042740552,
    "z": 375.95046516491607,
    "o_x": -0.8035878872842483,
    "o_y": 0.032697594058974544,
    "o_z": -0.5942872830145309,
    "theta": 84.71361831974534
  },
  "T_B_0_camera_frame": [
    [
      -0.997079759396594,
      0.07465731958753952,
      0.016069786359322328,
      189.88959841561837
    ],
    [
      -0.07008426748712804,
      -0.8109742073611717,
      -0.5808692025281699,
      169.59156392000645
    ],
    [
      -0.030333955436489996,
      -0.5802991639033468,
      0.8138382711083658,
      875.663046177097
    ],
    [
      0.0,
      0.0,
      0.0,
      1.0
    ]
  ]
}