{
  "camera_matrix": [
    [
      1256.13623046875,
      0.0,
      955.8938598632812
    ],
    [
      0.0,
      1256.1561279296875,
      542.18994140625
    ],
    [
      0.0,
      0.0,
      1.0
    ]
  ],
  "dist_coeffs": [
    0.11422603577375412,
    -0.32854774594306946,
    -0.00028485868824645877,
    -0.00017464916163589805,
    0.2558501362800598
  ],
  "chessboard_size": [
    11,
    8
  ],
  "square_size": 30.0,
  "hand_eye_transform": [
    [
      -0.9999417626,
      0.0102357157,
      0.0034207435,
      17.384414369069358
    ],
    [
      -0.0102356558,
      -0.9999476137,
      3.50156e-05,
      -79.12329858208754
    ],
    [
      0.0034209227,
      -0.0,
      0.9999941486,
      46.44187394591745
    ],
    [
      0.0,
      0.0,
      0.0,
      1.0
    ]
  ],
  "timestamp": "20251022_232251",
  "A_0_pose": {
    "x": 696.6072398557324,
    "y": -42.07741554753643,
    "z": 375.9324517441846,
    "o_x": -0.8036098151806985,
    "o_y": 0.03269802289968682,
    "o_z": -0.5942576076447781,
    "theta": 84.70984698790458
  },
  "T_B_0_camera_frame": [
    [
      -0.9970781239281202,
      0.07468246956516002,
      0.016054392658367313,
      189.8813230420307
    ],
    [
      -0.07009334880669703,
      -0.8109264459297725,
      -0.5809347826948996,
      169.5536539663386
    ],
    [
      -0.030366712647943855,
      -0.5803626693985033,
      0.8137917637403321,
      875.680037799152
    ],
    [
      0.0,
      0.0,
      0.0,
      1.0
    ]
  ]
}