{
  "camera_matrix": [
    [
      1256.13623046875,
      0.0,
      955.8938598632812
    ],
    [
      0.0,
      1256.1561279296875,
      542.18994140625
    ],
    [
      0.0,
      0.0,
      1.0
    ]
  ],
  "dist_coeffs": [
    0.11422603577375412,
    -0.32854774594306946,
    -0.00028485868824645877,
    -0.00017464916163589805,
    0.2558501362800598
  ],
  "chessboard_size": [
    11,
    8
  ],
  "square_size": 30.0,
  "hand_eye_transform": [
    [
      -0.9999417626,
      0.0102357157,
      0.0034207435,
      17.384414369069358
    ],
    [
      -0.0102356558,
      -0.9999476137,
      3.50156e-05,
      -79.12329858208754
    ],
    [
      0.0034209227,
      -0.0,
      0.9999941486,
      46.44187394591745
    ],
    [
      0.0,
      0.0,
      0.0,
      1.0
    ]
  ],
  "timestamp": "20251023_121720",
  "A_0_pose": {
    "x": 703.2934130864631,
    "y": -101.22490497497925,
    "z": 442.6031895466337,
    "o_x": -0.6741740008443549,
    "o_y": 0.192235872502233,
    "o_z": -0.71311624992621,
    "theta": 78.21065235170167
  },
  "T_B_0_camera_frame": [
    [
      -0.9801267414633088,
      0.150611761239973,
      -0.12910332313581066,
      91.81207081456095
    ],
    [
      -0.013208276503903396,
      -0.6989169056937923,
      -0.7150809047703702,
      36.10941205136306
    ],
    [
      -0.1979320896174054,
      -0.6991646846856671,
      0.687016471118473,
      984.2992670847326
    ],
    [
      0.0,
      0.0,
      0.0,
      1.0
    ]
  ]
}