{
  "camera_matrix": [
    [
      1256.13623046875,
      0.0,
      955.8938598632812
    ],
    [
      0.0,
      1256.1561279296875,
      542.18994140625
    ],
    [
      0.0,
      0.0,
      1.0
    ]
  ],
  "dist_coeffs": [
    0.11422603577375412,
    -0.32854774594306946,
    -0.00028485868824645877,
    -0.00017464916163589805,
    0.2558501362800598
  ],
  "chessboard_size": [
    11,
    8
  ],
  "square_size": 30.0,
  "hand_eye_transform": [
    [
      -0.9999417626,
      -0.0102356558,
      0.0034209227,
      16.414649035116977
    ],
    [
      0.0102357157,
      -0.9999476137,
      -0.0,
      -79.29709552832382
    ],
    [
      0.0034207435,
      3.50156e-05,
      0.9999941486,
      -46.49829926861672
    ],
    [
      0.0,
      0.0,
      0.0,
      1.0
    ]
  ],
  "timestamp": "20251022_223842",
  "A_0_pose": {
    "x": 696.6121525386748,
    "y": -42.08424081323329,
    "z": 375.8962053821912,
    "o_x": -0.8036470349425948,
    "o_y": 0.032647470852013694,
    "o_z": -0.5942100519807307,
    "theta": 84.71760470596915
  },
  "T_B_0_camera_frame": [
    [
      -0.9970845294463421,
      0.07459115101917205,
      0.016081086045465893,
      189.94781270122905
    ],
    [
      -0.0700297169447738,
      -0.8108387089303783,
      -0.5810649076004781,
      169.3959377043775
    ],
    [
      -0.030303133227464623,
      -0.5804969838765335,
      0.8136983297431836,
      875.7644140445797
    ],
    [
      0.0,
      0.0,
      0.0,
      1.0
    ]
  ]
}