{  "poses": [
    {
    "x": 696.62731384973,
    "y": -42.07766601651977,
    "z": 375.8851599411074,
    "o_x": -0.8036411071214097,
    "o_y": 0.03272473966079283,
    "o_z": -0.5942138187208446,
    "theta": 174.7144788452914
  },
    {
    "x": 696.6204900443727,
    "y": -42.080725141910605,
    "z": 375.9365878050992,
    "o_x": -0.8036078573539316,
    "o_y": 0.032678598551461935,
    "o_z": -0.5942613236579803,
    "theta": -95.28511956671751
  },
    {
    "x": 696.6130047239567,
    "y": -42.07435972661246,
    "z": 375.92335468667045,
    "o_x": -0.8035787167042466,
    "o_y": 0.032633882508202414,
    "o_z": -0.5943031850599462,
    "theta": -5.285569365592407
  },
    {
    "x": 696.6044258081664,
    "y": -42.07442059691304,
    "z": 375.9552628775819,
    "o_x": -0.8035795688366881,
    "o_y": 0.032734957186439706,
    "o_z": -0.5942964740987822,
    "theta": 84.70775482806853
  }
  ]
}
