{
  "camera_matrix": [
    [
      1256.13623046875,
      0.0,
      955.8938598632812
    ],
    [
      0.0,
      1256.1561279296875,
      542.18994140625
    ],
    [
      0.0,
      0.0,
      1.0
    ]
  ],
  "dist_coeffs": [
    0.11422603577375412,
    -0.32854774594306946,
    -0.00028485868824645877,
    -0.00017464916163589805,
    0.2558501362800598
  ],
  "chessboard_size": [
    11,
    8
  ],
  "square_size": 30.0,
  "hand_eye_transform": [
    [
      -0.9999417626,
      0.0102357157,
      0.0034207435,
      17.384414369069358
    ],
    [
      -0.0102356558,
      -0.9999476137,
      3.50156e-05,
      -79.12329858208754
    ],
    [
      0.0034209227,
      -0.0,
      0.9999941486,
      46.44187394591745
    ],
    [
      0.0,
      0.0,
      0.0,
      1.0
    ]
  ],
  "timestamp": "20251022_232503",
  "A_0_pose": {
    "x": 696.6008162633416,
    "y": -42.09323140304657,
    "z": 375.9213334867536,
    "o_x": -0.8036444457938416,
    "o_y": 0.03259850727801644,
    "o_z": -0.5942162418412633,
    "theta": 84.71977347682889
  },
  "T_B_0_camera_frame": [
    [
      -0.9970759725862117,
      0.0747168876740206,
      0.016027837894358257,
      189.89452046231747
    ],
    [
      -0.07009765269902254,
      -0.8107672268766456,
      -0.5811564530389739,
      169.39628673173164
    ],
    [
      -0.030427355740308,
      -0.580580649452823,
      0.813633999721982,
      875.7841036681449
    ],
    [
      0.0,
      0.0,
      0.0,
      1.0
    ]
  ]
}