{
  "camera_matrix": [
    [
      1256.13623046875,
      0.0,
      955.8938598632812
    ],
    [
      0.0,
      1256.1561279296875,
      542.18994140625
    ],
    [
      0.0,
      0.0,
      1.0
    ]
  ],
  "dist_coeffs": [
    0.11422603577375412,
    -0.32854774594306946,
    -0.00028485868824645877,
    -0.00017464916163589805,
    0.2558501362800598
  ],
  "chessboard_size": [
    11,
    8
  ],
  "square_size": 30.0,
  "hand_eye_transform": [
    [
      -0.9999417626,
      -0.0102356558,
      0.0034209227,
      16.414649035116977
    ],
    [
      0.0102357157,
      -0.9999476137,
      -0.0,
      -79.29709552832382
    ],
    [
      0.0034207435,
      3.50156e-05,
      0.9999941486,
      -46.49829926861672
    ],
    [
      0.0,
      0.0,
      0.0,
      1.0
    ]
  ],
  "timestamp": "20251022_224041",
  "A_0_pose": {
    "x": 696.60717180684,
    "y": -42.0848748514518,
    "z": 375.95331116437865,
    "o_x": -0.8035820141642429,
    "o_y": 0.032709950961064604,
    "o_z": -0.5942945444978136,
    "theta": 84.70941405569795
  },
  "T_B_0_camera_frame": [
    [
      -0.9970674743070502,
      0.07488473691376567,
      0.015771108277983108,
      189.75245102189118
    ],
    [
      -0.07008011971254931,
      -0.8106727372811107,
      -0.5812903662114365,
      169.12885917588906
    ],
    [
      -0.03074456862658058,
      -0.5806909584335779,
      0.8135433499780191,
      875.8406177963321
    ],
    [
      0.0,
      0.0,
      0.0,
      1.0
    ]
  ]
}