{
  "camera_matrix": [
    [
      1256.13623046875,
      0.0,
      955.8938598632812
    ],
    [
      0.0,
      1256.1561279296875,
      542.18994140625
    ],
    [
      0.0,
      0.0,
      1.0
    ]
  ],
  "dist_coeffs": [
    0.11422603577375412,
    -0.32854774594306946,
    -0.00028485868824645877,
    -0.00017464916163589805,
    0.2558501362800598
  ],
  "chessboard_size": [
    11,
    8
  ],
  "square_size": 30.0,
  "hand_eye_transform": [
    [
      -0.9999417626,
      0.0102357157,
      0.0034207435,
      17.384414369069358
    ],
    [
      -0.0102356558,
      -0.9999476137,
      3.50156e-05,
      -79.12329858208754
    ],
    [
      0.0034209227,
      -0.0,
      0.9999941486,
      46.44187394591745
    ],
    [
      0.0,
      0.0,
      0.0,
      1.0
    ]
  ],
  "timestamp": "20251022_231737",
  "A_0_pose": {
    "x": 696.6092172642223,
    "y": -42.097446857659065,
    "z": 375.9439249229902,
    "o_x": -0.8035706365604869,
    "o_y": 0.032582793871758664,
    "o_z": -0.5943169134403669,
    "theta": 84.71577719187056
  },
  "T_B_0_camera_frame": [
    [
      -0.997076355960382,
      0.07473662411145669,
      0.015911549301950358,
      189.8305344909739
    ],
    [
      -0.07006040856675157,
      -0.8110413754673829,
      -0.5807782936985812,
      169.73122348766705
    ],
    [
      -0.030500484196573162,
      -0.5801950743468944,
      0.8139062576042627,
      875.640564287872
    ],
    [
      0.0,
      0.0,
      0.0,
      1.0
    ]
  ]
}