{
  "camera_matrix": [
    [
      1256.13623046875,
      0.0,
      955.8938598632812
    ],
    [
      0.0,
      1256.1561279296875,
      542.18994140625
    ],
    [
      0.0,
      0.0,
      1.0
    ]
  ],
  "dist_coeffs": [
    0.11422603577375412,
    -0.32854774594306946,
    -0.00028485868824645877,
    -0.00017464916163589805,
    0.2558501362800598
  ],
  "chessboard_size": [
    11,
    8
  ],
  "square_size": 30.0,
  "hand_eye_transform": [
    [
      -0.9999417626,
      -0.0102356558,
      0.0034209227,
      16.414649035116977
    ],
    [
      0.0102357157,
      -0.9999476137,
      -0.0,
      -79.29709552832382
    ],
    [
      0.0034207435,
      3.50156e-05,
      0.9999941486,
      -46.49829926861672
    ],
    [
      0.0,
      0.0,
      0.0,
      1.0
    ]
  ],
  "timestamp": "20251022_230204",
  "A_0_pose": {
    "x": 696.610919351738,
    "y": -42.07577198332142,
    "z": 375.92333940498344,
    "o_x": -0.8036208816404404,
    "o_y": 0.03264555260606228,
    "o_z": -0.5942455271068396,
    "theta": 84.71818465482254
  },
  "T_B_0_camera_frame": [
    [
      -0.9970785338772769,
      0.07465264697116218,
      0.01616723790073939,
      189.90245803443855
    ],
    [
      -0.07013772359873362,
      -0.8109838297765609,
      -0.5808493157173636,
      169.54633454557364
    ],
    [
      -0.030250570400039086,
      -0.5802863173823255,
      0.8138505347109692,
      875.7082816421079
    ],
    [
      0.0,
      0.0,
      0.0,
      1.0
    ]
  ]
}