{
  "camera_matrix": [
    [
      1256.13623046875,
      0.0,
      955.8938598632812
    ],
    [
      0.0,
      1256.1561279296875,
      542.18994140625
    ],
    [
      0.0,
      0.0,
      1.0
    ]
  ],
  "dist_coeffs": [
    0.11422603577375412,
    -0.32854774594306946,
    -0.00028485868824645877,
    -0.00017464916163589805,
    0.2558501362800598
  ],
  "chessboard_size": [
    11,
    8
  ],
  "square_size": 30.0,
  "hand_eye_transform": [
    [
      -1.0,
      -1.2246467991473532e-16,
      0.0,
      20.2
    ],
    [
      1.2246467991473532e-16,
      -1.0,
      0.0,
      -80.0
    ],
    [
      0.0,
      0.0,
      1.0,
      48.7
    ],
    [
      0.0,
      0.0,
      0.0,
      1.0
    ]
  ],
  "timestamp": "20251029_203803",
  "A_0_pose_raw": {
    "x": 559.7756411589569,
    "y": 13.104008025802088,
    "z": -277.6588420695809,
    "o_x": -0.9803281885300006,
    "o_y": 0.08677237917842498,
    "o_z": 0.1772771755900986,
    "theta": 93.55545015969804
  },
  "A_0_pose_inverted": {
    "x": 559.7756411589569,
    "y": 13.104008025802088,
    "z": -277.6588420695809,
    "o_x": 0.0610322437,
    "o_y": 0.9822666991,
    "o_z": 0.1772771757,
    "theta": 5.0582733675
  },
  "T_B_0_camera_frame": [
    [
      -0.9953813183638158,
      -0.05157101111491865,
      -0.08097198197461156,
      143.65920857717288
    ],
    [
      0.03477547908690767,
      -0.979869579838192,
      0.19658655234273048,
      76.62876845397236
    ],
    [
      -0.08948014923203879,
      0.19286274217772081,
      0.9771372808224552,
      404.5829301252739
    ],
    [
      0.0,
      0.0,
      0.0,
      1.0
    ]
  ],
  "note": "Arm poses have rotation inverted (translation unchanged) before processing"
}