{
  "camera_matrix": [
    [
      1256.13623046875,
      0.0,
      955.8938598632812
    ],
    [
      0.0,
      1256.1561279296875,
      542.18994140625
    ],
    [
      0.0,
      0.0,
      1.0
    ]
  ],
  "dist_coeffs": [
    0.11422603577375412,
    -0.32854774594306946,
    -0.00028485868824645877,
    -0.00017464916163589805,
    0.2558501362800598
  ],
  "chessboard_size": [
    11,
    8
  ],
  "square_size": 30.0,
  "hand_eye_transform": [
    [
      -0.9999417626,
      0.0102357157,
      0.0034207435,
      17.384414369069358
    ],
    [
      -0.0102356558,
      -0.9999476137,
      3.50156e-05,
      -79.12329858208754
    ],
    [
      0.0034209227,
      -0.0,
      0.9999941486,
      46.44187394591745
    ],
    [
      0.0,
      0.0,
      0.0,
      1.0
    ]
  ],
  "timestamp": "20251023_121627",
  "A_0_pose": {
    "x": 703.2902715057287,
    "y": -101.23493106475377,
    "z": 442.62375673265683,
    "o_x": -0.6741257203771823,
    "o_y": 0.19225512958236643,
    "o_z": -0.7131566996636941,
    "theta": 78.84708142897944
  },
  "T_B_0_camera_frame": [
    [
      -0.9802368670827947,
      0.14277175284391252,
      -0.13693761718966851,
      93.11120708038469
    ],
    [
      -0.002254513575788278,
      -0.7002247406785769,
      -0.7139189237652667,
      35.131536645803436
    ],
    [
      -0.1978145636201845,
      -0.6995009214657953,
      0.6867079869116569,
      984.3995541194683
    ],
    [
      0.0,
      0.0,
      0.0,
      1.0
    ]
  ]
}